paper_id,title,authors,year,venue,abstract,url,decision,reason
b4c535993330,Workflow-Driven Modeling for the Compute Continuum: An Optimization Approach to Automated System and Workload Scheduling,"AK Sharma, C Boehme, P Gelß, R Yahyapour",2025.0,arXiv preprint arXiv …,The defined system and workload models enable analysis of workload mapping and  scheduling within heterogeneous HPC environments. Tasks in the queue request specific,https://arxiv.org/abs/2505.12184,include,"obj=False, wl=True"
e9830fef323d,Optimizing Heterogeneous High-Performance Computing Resource Allocation for Optimal Performance in Advanced Seismic Imaging Algorithms,"A Aldarwish, S Abulleif",2025.0,SPE Middle East Oil and Gas Show and …,This section presents the core resource allocation strategy developed to optimize workload  scheduling in heterogeneous HPC environments supporting seismic imaging workflows. The,https://onepetro.org/SPEMEOS/proceedings-abstract/25MEOS/25MEOS/789782,include,"obj=False, wl=True"
18b9a0b3695a,"Evolving High-Performance Computing Data Centers with Kubernetes, Performance Analysis, and Dynamic Workload Placement Based on Machine Learning …","V Dakić, M Kovač, J Slovinac",2024.0,Electronics,where we were not happy with the workload scheduling of the custom Kubernetes scheduler.  For  technology in specifics of heterogeneous HPC environments. Multiple routes exist for,https://www.mdpi.com/2079-9292/13/13/2651,include,"obj=False, wl=True"
024502bb3404,Optimal task partitioning to minimize failure in heterogeneous computational platform,"DK Narayana, STS Babu",2025.0,International Journal of Electrical and …,of workload scheduling techniques plays a critical role in achieving enhanced performance  on heterogeneous HPC  of limitations of existing workload scheduling methods. In section 3,https://www.academia.edu/download/120310525/96_35698_IJECE_12_Faizah.pdf,include,"obj=False, wl=True"
7d9952c08411,Machine learning and dynamic parameters-based system architecture for automatic workload scheduling in heterogenous high-performance computing,V Dakić,2025.0,nan,"Heterogeneous HPC can also employ different C ARM, and RISC -V. Integrating  In  summary, linear regression models have s workload scheduling, especially in workload plac of",https://dr.nsk.hr/object/fer:13461,include,"obj=False, wl=True"
83c061021a5f,Scheduling algorithms on heterogeneous architecture for efficient vision systems,"T Ali, G Paul, R Nicol",2024.0,Applications of digital …,Another study addressed the problem of optimising data-parallel applications on  heterogeneous HPC platforms by proposing a modelbased partitioning algorithm that tackles the,https://www.spiedigitallibrary.org/conference-proceedings-of-spie/13137/131370F/Scheduling-algorithms-on-heterogeneous-architecture-for-efficient-vision-systems/10.1117/12.3031278.short,include,"obj=False, wl=True"
60773efac0a8,Optimal workload scheduling algorithm for data-parallel applications on heterogeneous platforms based on dynamic programming,LL Pilla,2022.0,nan,"A novel data-partitioning algorithm for performance optimization of data-parallel applications  on heterogeneous hpc platforms. IEEE Transactions on Parallel and Distributed Systems,",https://inria.hal.science/hal-03776372/,include,"obj=False, wl=True"
d20eefc92eaa,Microgrid Integration for High Performance Computing Schedulers and Reinforcement Learning-Based Scheduling,M Sgambati,2025.0,nan,"Significant innovations in the field of High Performance Computing (HPC) have contributed  to application reproducibility and portability, enabled power-aware schedulers, and",https://search.proquest.com/openview/7bf9590debad376b9d44ab98905fe379/1?pq-origsite=gscholar&cbl=18750&diss=y,include,"obj=False, wl=True"
d9149f8949de,DASH: Scheduling deep learning workloads on multi-generational GPU-accelerated clusters,"B Li, T Patel, V Gadepally, K Gettings",2022.0,2022 IEEE High …,highend/low-end GPUs in a heterogeneous HPC system. DASH functions as depicted in  Fig to address deep learning workload scheduling challenges in heterogeneous tiered GPU,https://ieeexplore.ieee.org/abstract/document/9926390/,include,"obj=False, wl=True"
69f5b4393cc4,Thermal prediction for efficient energy management of clouds using machine learning,"S Ilager, K Ramamohanarao",2020.0,IEEE Transactions on …,We propose a dynamic workload scheduling algorithm guided by the prediction methods to  reduce the peak temperature of the data center that minimizes the total energy consumption,https://ieeexplore.ieee.org/abstract/document/9272657/,include,"obj=True, wl=True"
ca1cac1d6c9a,Joint Dynamic Data and Model Parallelism for Distributed Training of DNNs Over Heterogeneous Infrastructure,"Z Ling, X Jiang, X Tan, H He, S Zhu",2024.0,IEEE Transactions on …,"Lastovetsky, “Bi-objective optimization of data-parallel applications on heterogeneous  hpc  [24] LL Pilla, “Optimal workload scheduling algorithm for data-parallel applications on",https://ieeexplore.ieee.org/abstract/document/10767392/,include,"obj=False, wl=True"
014ea9d16050,Enhanced multi-objective scheduling for heterogeneous computing platforms using hybrid MOEAD with SA and TS-guided initialization strategies,"A Saad, O Abdel-Raouf, M Hadhoud",2025.0,The Journal of …,"[23] proposed a bi-objective optimization approach for workload scheduling in hybrid cloud  environments, considering both makespan and user service costs. Although there are two",https://link.springer.com/article/10.1007/s11227-025-07278-8,include,"obj=True, wl=True"
53f835127034,How to build a quantum supercomputer: Scaling from hundreds to millions of qubits,"M Mohseni, A Scherer, KG Johnson",2024.0,arXiv preprint arXiv …,", successful integration with existing heterogeneous HPC infrastructures and the development   dispatching in Section VD on high-performance quantum– classical workload scheduling.",https://arxiv.org/abs/2411.10406,include,"obj=False, wl=True"
1dc55b5b0ff5,ACO-Optimized DRL Model for Energy-Efficient Resource Allocation in High-Performance Computing,"A Jermanshiyamala, NKS Kumar, S Belhe",2024.0,… Conference on Multi …,"High-Performance Computing (HPC) is a pillar in today's computational science, efficiently  processing vast multi-dimensional datasets at staggering speeds. However, Resource",https://link.springer.com/chapter/10.1007/978-981-97-1488-9_11,include,"obj=True, wl=False"
22f04c8a02aa,IPPTS: An efficient algorithm for scientific workflow scheduling in heterogeneous computing systems,"H Djigal, J Feng, J Lu, J Ge",2020.0,IEEE transactions on parallel and …,"Hence, heterogeneous computing systems have become  high-performance computing  environments at a low cost [3]. For instance, in [4], the authors presented a heterogeneous",https://ieeexplore.ieee.org/abstract/document/9276443/,include,"obj=True, wl=True"
f5499f44c6a3,A novel workflow scheduling with multi-criteria using particle swarm optimization for heterogeneous computing systems,"T Biswas, P Kuila, AK Ray",2020.0,Cluster Computing,"Recently, we have designed an improved GA based multi-criteria scheduling for high  performance computing systems [21]. Here, a novel mutation helps to minimize the overall",https://link.springer.com/article/10.1007/s10586-020-03085-3,include,"obj=False, wl=True"
cbd9ff51dcfb,Job scheduling in high performance computing,Y Fan,2021.0,arXiv preprint arXiv:2109.09269,Workflow scheduling problem is known to be NP-complete in general. Scheduling  algorithms often utilize heuristics and optimization techniques to try to obtain a near optimal,https://arxiv.org/abs/2109.09269,include,"obj=False, wl=True"
732230a2ff99,An optimized workflow scheduling algorithm on CPU-GPU heterogeneous systems,"H Ma, J Fang",2021.0,Journal of Physics: Conference Series,"the workflow scheduling problem on CPU-GPU heterogeneous systems, this article proposes  a workflow scheduling  in the field of high performance computing is basically composed of",https://iopscience.iop.org/article/10.1088/1742-6596/1994/1/012037/meta,include,"obj=False, wl=True"
eff7562ca160,Level-wise earliest finish time based workflow scheduling for heterogeneous computing systems,"BB Naik, MSA Ansari",2025.0,Cluster Computing,The article is sectioned in a structured way as follows: we have presented related works on  workflow scheduling in a heterogeneous environment and a detailed discussion of HEFT [10],https://link.springer.com/article/10.1007/s10586-025-05576-7,include,"obj=False, wl=True"
426e65885dcf,An efficient list scheduling algorithm with task duplication for scientific big data workflow in heterogeneous computing environments,"W Ahmad, B Alam",2021.0,Concurrency and Computation: Practice …,Heterogeneous computing environment plays a significant role in achieving high-performance  computing ( to resolve workflow scheduling problems in the heterogeneous computing,https://onlinelibrary.wiley.com/doi/abs/10.1002/cpe.5987,include,"obj=False, wl=True"
fd8d878079a3,Cost-efficient workflow scheduling algorithm for applications with deadline constraint on heterogeneous clouds,"X Tang, W Cao, H Tang, T Deng, J Mei",2021.0,… on Parallel and …,"heterogeneous cloud system resources architecture. The details of this workflow scheduling   Nepal, AY Zomaya, “Privacyaware scheduling SaaS in high performance computing environ",https://ieeexplore.ieee.org/abstract/document/9647942/,include,"obj=True, wl=True"
4aa3307e8b4a,Time and energy optimization algorithms for the static scheduling of multiple workflows in heterogeneous computing system,"J Jiang, Y Lin, G Xie, L Fu, J Yang",2017.0,Journal of Grid Computing,"For multiple workflow scheduling, the most related literature to the current work is the  scheduling of multiple workflows on computational grids, ie, the B&E scheme, by Bittencourt and",https://link.springer.com/article/10.1007/s10723-017-9391-5,include,"obj=True, wl=True"
e9e8668a63c9,Dynamic mapping of application workflows in heterogeneous computing environments,"M Qasim, T Iqbal, EU Munir, N Tziritas",2017.0,2017 IEEE …,workflow scheduling algorithms in HCE is an NPComplete problem. A novel application  workflow scheduling algorithm called Heterogeneous  to achieve High-Performance Computing (,https://ieeexplore.ieee.org/abstract/document/7965083/,include,"obj=False, wl=True"
9c6c8bdb5eee,A comparative analysis of resource allocation schemes for real-time services in high-performance computing systems,"MS Qureshi, MB Qureshi, M Fayaz",2020.0,International …,"or heterogeneous resources. Homogeneous resources have the same, while  proposed  BAT approach for the optimum solution of workflow scheduling. The workflow scheduling",https://journals.sagepub.com/doi/abs/10.1177/1550147720932750,include,"obj=False, wl=True"
8daba9c70ebc,A hybrid bi-objective scheduling algorithm for execution of scientific workflows on cloud platforms with execution time and reliability approach,"Y Asghari Alaie, M Hosseini Shirvani",2023.0,The Journal of …,for execution on the heterogeneous parallel platforms to gain  are compatible with workflow  scheduling and make idempotent  workflow scheduling issue in cloud heterogeneous multi-,https://link.springer.com/article/10.1007/s11227-022-04703-0,include,"obj=True, wl=True"
fec9a9733bad,A two-stage multi-population genetic algorithm with heuristics for workflow scheduling in heterogeneous distributed computing environments,"Y Xie, FX Gui, WJ Wang",2021.0,IEEE Transactions on …,"These workflow applications are compute-intensive or data-intensive that can be deployed  in a high-performance computing environment/system (eg, cluster computing, grid computing",https://ieeexplore.ieee.org/abstract/document/9662214/,include,"obj=False, wl=True"
2c38dbd607be,Bi-objective workflow scheduling on heterogeneous computing systems using a memetic algorithm,"Y Zhang, F Tong, C Li, Y Xu",2021.0,Electronics,"In practice, most HCSs are built for high performance computing. Thus, time efficiency is  almost always the first priority for workflow scheduling, even with additional considerations. In",https://www.mdpi.com/2079-9292/10/2/209,include,"obj=False, wl=True"
afaaabf19ba9,Resource Aware Task Clustering for Scientific Workflow Execution in High Performance Computing Environments,"A Weerasinghe, K Wijethunga",2020.0,… High Performance …,"When it comes to evaluating algorithms designed for workflow scheduling in HPC environments,  using a simulated environment is a well-established approach because reserving HPC",https://ieeexplore.ieee.org/abstract/document/9408034/,include,"obj=False, wl=True"
11d5f993df03,Deep Reinforcement Learning-Based Continuous Workflows Scheduling in Heterogeneous Environments,"Z Wang, W Zhan, H Duan, G Min",2025.0,IEEE Internet of Things …,"in adaptability within heterogeneous settings, leading to  for continuous workflow scheduling  in heterogeneous environments effectively in continuous workflow scheduling scenarios and",https://ieeexplore.ieee.org/abstract/document/10820029/,include,"obj=False, wl=True"
275c758d11d1,Efficient task and workflow scheduling in inter-cloud environments: Challenges and opportunities.,"M Masdari, M Zangakani",2020.0,Journal of Supercomputing,"In [49], the authors provided a priority-based two-phase workflow scheduling algorithm for  heterogeneous multi-cloud systems that can deal with large workflows. It considers factors",https://www.researchgate.net/profile/Mohammad-Masdari-2/publication/336774459_Efficient_task_and_workflow_scheduling_in_inter-cloud_environments_challenges_and_opportunities/links/5dbd45f0299bf1a47b0ab434/Efficient-task-and-workflow-scheduling-in-inter-cloud-environments-challenges-and-opportunities.pdf,include,"obj=False, wl=True"
bd3af731dc20,DFMan: A graph-based optimization of dataflow scheduling on high-performance computing systems,"F Chowdhury, F Di Natale, A Moody",2022.0,2022 IEEE …,Scientific research and development campaigns are materialized by workflows of applications  executing on high-performance computing (HPC) systems. These applications con-sist of,https://ieeexplore.ieee.org/abstract/document/9820699/,include,"obj=False, wl=True"
6aee39902dad,Workflow scheduling algorithms and approaches,"G Kousalya, P Balakrishnan, C Pethuru Raj",2017.0,… Workflow Scheduling in Self …,across the globe comprising heterogeneous cloud platforms and  automated solutions  for workflow scheduling and also  Many high-performance computing and high-throughput,https://link.springer.com/chapter/10.1007/978-3-319-56982-6_4,include,"obj=True, wl=True"
7e48f69a83b0,Energy-deadline optimization with minimal task failure aware task partitioning model in heterogeneous cloud computing framework,"KN Divyaprabha, TSB Sudarshan",2025.0,Computers and Electrical Engineering,"(GPU) will be used in high-performance computing (HPC) to  is a challenging task since  heterogeneous cloud computing ( ), multi-objective prioritized workflow scheduling through deep",https://www.sciencedirect.com/science/article/pii/S0045790625003817,include,"obj=True, wl=True"
1a85c33d2095,A time and reliability optimization algorithm for workflow scheduling in heterogeneous distributed computing system,"J Jiang, H Cai, L Xie, Z Sun, L Pan",2022.0,Journal of Circuits …,"has allowed for constructing powerful and complex heterogeneous microprocessors systems.At  the  Therefore, it is a meaningful research for high reliability in heterogeneous computing",https://www.worldscientific.com/doi/abs/10.1142/S0218126622502528,include,"obj=False, wl=True"
92c6b4c06e97,Energy efficient scheduling of scientific workflows in cloud environment,"M Ghose, P Verma, S Karmakar",2017.0,… Performance Computing …,"an algorithm called, scalable heterogeneous earliest finish time  efficient list-based workflow  scheduling algorithm, called  in the cloud system are heterogeneous and their base power (",https://ieeexplore.ieee.org/abstract/document/8291925/,include,"obj=True, wl=True"
dc4bf747b1bc,A Multiobjective Memetic Algorithm for Workflow Scheduling on Heterogeneous Computing Systems,"C Zou, M Shi, X Liu",2021.0,… Int Conf on High Performance Computing …,"In this paper, we study workflow scheduling with the goal of simultaneously optimizing the  makespan and energy consumption on DVFS-enabled HCSs as a multiobjective optimization",https://ieeexplore.ieee.org/abstract/document/9781163/,include,"obj=True, wl=True"
c325ab42e40b,Resource Scheduling Algorithm for Heterogeneous High-Performance Clusters,L Han,2022.0,China Intelligent Networked Things Conference,aggregated in a high-performance computing environment.  -dimensional intelligent  heterogeneous resource scheduling  A task backfill based scientific workflow scheduling strategy,https://link.springer.com/chapter/10.1007/978-981-19-8915-5_27,include,"obj=False, wl=True"
c013d6725b72,MPEFT: a makespan minimizing heuristic scheduling algorithm for workflows in heterogeneous computing systems,"D Sirisha, SS Prasad",2023.0,CCF Transactions on High Performance Computing,"2, workflow scheduling problem and essential terminology is detailed. The related work is   2 The workflow scheduling problem The workflow scheduling system comprises of workflow",https://link.springer.com/article/10.1007/s42514-022-00116-w,include,"obj=True, wl=True"
8ef52238987f,Scheduling algorithms for high-performance computing: An application perspective of fog computing,"S Razzaq, A Wahid, F Khan, N Amin, MA Shah",2019.0,Recent Trends and …,Authors proposed workflow scheduling algorithm to efficiently minimize both execution time   are dominant in operational cost of high-performance computing to manage workloads [23].,https://link.springer.com/chapter/10.1007/978-3-319-99966-1_10,include,"obj=True, wl=True"
fd50177c989f,Enhanced hybrid multi-objective workflow scheduling approach based artificial bee colony in cloud computing,"M Zeedan, G Attiya, N El-Fishawy",2023.0,Computing,listing the tasks according to priority defined by Heterogeneous Earliest Finish Time (HEFT)   scientific applications that demand a high-performance computing environment in order to,https://link.springer.com/article/10.1007/s00607-022-01116-y,include,"obj=False, wl=True"
4d503a1dc22a,Multi-objective workflow scheduling in cloud computing: trade-off between makespan and cost,"A Belgacem, K Beghdad-Bey",2022.0,Cluster Computing,"We propose a HEFT-ACO approach, which is based on the heterogeneous earliest end time  (HEFT), and the ant colony algorithm (ACO) to minimize them. Experimental simulations are",https://link.springer.com/article/10.1007/s10586-021-03432-y,include,"obj=True, wl=True"
e862d24aa028,An effective meta-heuristic based multi-objective hybrid optimization method for workflow scheduling in cloud computing environment,"J Kakkottakath Valappil Thekkepuryil, DP Suseelan",2021.0,Cluster …,"tasks, and they require high-performance computing resources for efficient execution.   Workflow scheduling in the cloud is very challenging due to the versatility and heterogeneity",https://link.springer.com/article/10.1007/s10586-021-03269-5,include,"obj=False, wl=True"
4a08dfee905b,A reinforcement learning-based population hyper-heuristic for energy-efficient cloud workflow scheduling problem,"Y Li, Y He, J Lin, Z Xu, S Zhang",2025.0,IEEE Transactions on …,"branch-and-bound method for workflow scheduling in heterogeneous systems. Later, Sirisha  et al. [ Several other algorithms have also been developed for cloud workflow scheduling.",https://ieeexplore.ieee.org/abstract/document/11080081/,include,"obj=True, wl=True"
66b5c205b30a,HBDCWS: heuristic-based budget and deadline constrained workflow scheduling approach for heterogeneous clouds,"N Rizvi, D Ramesh",2020.0,Soft Computing,applications toward a high-performance computing system is  due to the dynamic and  heterogeneous nature of cloud and  and deadline constrained workflow scheduling algorithm (,https://link.springer.com/article/10.1007/s00500-020-05127-9,include,"obj=True, wl=True"
5a45cddc73b2,An energy-efficient big data workflow scheduling algorithm under budget constraints for heterogeneous cloud environment,"W Ahmad, B Alam, A Atman",2021.0,The Journal of Supercomputing,"amount of high-performance computing systems for the  , energy-efficient workflow  scheduling under budget constraints  an energy-efficient workflow scheduling algorithm named",https://link.springer.com/article/10.1007/s11227-021-03733-4,include,"obj=True, wl=True"
c9ee46b7dc9b,A hybrid metaheuristic for multi-objective scientific workflow scheduling in a cloud environment,"N Anwar, H Deng",2018.0,Applied sciences,"as a high-performance computing environment with a large  due to its dynamic and  heterogeneous nature. The aim of this  study is represented by a set of heterogeneous k VMs, M =",https://www.mdpi.com/2076-3417/8/4/538,include,"obj=False, wl=True"
5167f84cafc2,A multi-criteria decision making heuristic for workflow scheduling in cloud computing environment.,"CT Kamanga, E Bugingo",2023.0,Journal of …,High-performance computing applications can be found in  solution for high-performance  computing applications because it  We assume the availability of heterogeneous resources that,https://search.ebscohost.com/login.aspx?direct=true&profile=ehost&scope=site&authtype=crawler&jrnl=09208542&AN=161138716&h=cXXEe%2F%2B%2BcjPLg2SGTMpgRICfVig1n2zac5JwuOYimQ2ijfJEPNQOqUtxLEqB23nUD4Z7FNYFOej7O2DX9IFB1Q%3D%3D&crl=c,include,"obj=False, wl=True"
7df7a091c225,Towards Highly Compatible I/O-Aware Workflow Scheduling on HPC Systems,"Y Dai, R Wang, Y Dong, K Lu",2024.0,… High Performance Computing …,workflow scheduling  workflow scheduling complexities on HPC systems and facilitates  the testing of various scheduling algorithms. We also propose a heuristic workflow scheduling,https://ieeexplore.ieee.org/abstract/document/10793223/,include,"obj=False, wl=True"
887f3594540e,A Novel Optimization Approach for Energy-Efficient Multiple Workflow Scheduling in Cloud Environment.,"A Aggarwal, S Kumar, A Bhansali",2024.0,… Systems Science & …,"high-performance computing, scaling, and virtualized resources [1]. This process is known  as task/workflow scheduling.  algorithm under budget constraints for heterogeneous cloud",https://search.ebscohost.com/login.aspx?direct=true&profile=ehost&scope=site&authtype=crawler&jrnl=02676192&AN=178627406&h=v33%2FeVeonpqYZ1TTRZ%2BMN8%2BUk5QDN0HWiWLA4GqagIGeEeVD8K8ASeXOYBlGMXjUQLvCo0DU5flb1a37aVpebA%3D%3D&crl=c,include,"obj=True, wl=True"
0666bd6290f1,E-HEFT: enhancement heterogeneous earliest finish time algorithm for task scheduling based on load balancing in cloud computing,"Y Samadi, M Zbakh, C Tadonki",2018.0,… High Performance Computing …,"To evaluate a workflow scheduling algorithm, we should measure its performance on some  sample workflows. So, there is a need for a good simulator for experimental purposes. One",https://ieeexplore.ieee.org/abstract/document/8514405/,include,"obj=True, wl=True"
03e666d891fe,Multi objective prioritized workflow scheduling using deep reinforcement based learning in cloud computing,"S Mangalampalli, SS Hashmi, A Gupta, GR Karri",2024.0,IEEE …,"generated from various heterogeneous resources and task  a novel multi objective workflow  scheduling algorithm using Deep  , to schedule workflows in high performance computing",https://ieeexplore.ieee.org/abstract/document/10382514/,include,"obj=False, wl=True"
dca408cabb22,A hpc co-scheduler with reinforcement learning,"A Souza, K Pelckmans, J Tordsson",2021.0,Workshop on Job Scheduling …,"to ever larger cluster scales and heterogeneity of modern scientific  High Performance  Computing (HPC) datacenters process  From user-space, ASA enables novel workflow scheduling",https://link.springer.com/chapter/10.1007/978-3-030-88224-2_7,include,"obj=False, wl=True"
e4d88b5ebdd4,Dynamic Workflow Partitioning via Reinforcement Learning for Edge-Cloud Heterogeneous Systems,"Y Zhang, C Morris",2025.0,Frontiers in Artificial Intelligence Research,has focused on static workflow scheduling in homogeneous  dynamic partitioning in  edge-cloud heterogeneous systems.  scaling and high-performance computing capabilities while,https://sprcopen.org/index.php/FAIR/article/view/455,include,"obj=False, wl=True"
8e4c8749018c,Genetic programming for dynamic workflow scheduling in fog computing,"M Xu, Y Mei, S Zhu, B Zhang, T Xiang",2023.0,IEEE Transactions …,"Huang, “Budget and sla aware dynamic workflow scheduling in cloud computing with  heterogeneous resources,” in Proceedings of the IEEE Congress on Evolutionary Computation,",https://ieeexplore.ieee.org/abstract/document/10064120/,include,"obj=False, wl=True"
3e4c81c060e3,A resource optimization scheduling model and algorithm for heterogeneous computing clusters based on GNN and RL,"Z Zhang, C Xu, K Liu, S Xu",2024.0,The Journal of …,"high-performance computing, cluster computing, and computer hardware has led to the  prominence of heterogeneous  learning-based cloud workflow scheduling method named Lore.",https://search.proquest.com/openview/155ec98e16be1a43d940bca0b757ce7a/1?pq-origsite=gscholar&cbl=2043774,include,"obj=False, wl=True"
7e5953503965,Predictive State-aware Deep Reinforcement Learning with Hyper-Heuristic for Resolving Conflicting Objectives in Scientific Workflow Scheduling,"AS Bajaher, NAWA Hamid, I Ahmad, ZM Hanapi",2025.0,IEEE Access,"heterogeneous workflow scheduling while being aware of deadlines and budgets. The proposed  workflow scheduling  For example, high-performance computing nodes are assigned to",https://ieeexplore.ieee.org/abstract/document/11186249/,include,"obj=True, wl=True"
7140d6922e6b,Reliability/performance-aware scheduling for parallel applications with energy constraints on heterogeneous computing systems,"J Peng, K Li, J Chen, K Li",2022.0,IEEE Transactions on Sustainable …,"respectively, which are widely used in high-performance computing systems [29]. In addition,   workflow scheduling algorithm on heterogeneous systems,” IEEE Trans. Ind. Inform., vol.",https://ieeexplore.ieee.org/abstract/document/9695188/,include,"obj=True, wl=True"
22fff180f1b2,DE-GWO: a multi-objective workflow scheduling algorithm for heterogeneous fog-cloud environment,"P Shukla, S Pandey",2024.0,Arabian Journal for Science and Engineering,were mostly deployed on High Performance Computing (HPC) platforms [ heterogeneous  FCE which includes mapping of tasks constituting workflows onto the available heterogeneous,https://link.springer.com/article/10.1007/s13369-023-08425-0,include,"obj=False, wl=True"
a00b9a97b29c,CPTF–a new heuristic based branch and bound algorithm for workflow scheduling in heterogeneous distributed computing systems,"D Sirisha, SS Prasad",2024.0,CCF Transactions on High Performance Computing,computation requirements and necessitate Heterogeneous Distributed Computing Systems  ( First (CPTF) algorithm is proposed for workflow scheduling on HDCS to achieve the best,https://link.springer.com/article/10.1007/s42514-024-00192-0,include,"obj=False, wl=True"
7c8693e6b06c,Energy and resource efficient workflow scheduling in a virtualized cloud environment,"N Garg, D Singh, MS Goraya",2021.0,Cluster Computing,"Most of workflow scheduling algorithms have focused on  The selection of an efficient and  effective workflow scheduling  , dynamic provisioning of unlimited heterogeneous resources is",https://link.springer.com/article/10.1007/s10586-020-03149-4,include,"obj=True, wl=True"
7d6d8acdb656,Energy efficient workflow scheduling algorithm for latency-sensitive applications using cloud-fog collaboration,"P Shukla, S Pandey",2023.0,2023 IEEE International Conference on …,") for optimizing workflow scheduling in heterogeneous CFC.  demand for more high  performance computing capabilities. So,  at hand is to optimize the workflow scheduling in",https://ieeexplore.ieee.org/abstract/document/10469573/,include,"obj=True, wl=True"
4ca268b6a653,Scheduling workflows with composite tasks: A nested particle swarm optimization approach,"A Song, WN Chen, X Luo, ZH Zhan",2020.0,IEEE Transactions on …,"a novel model for WorkFlow Scheduling, which models heavy  when scheduling high-performance  computing applications  the heterogeneous processors, the Heterogeneous Earliest-",https://ieeexplore.ieee.org/abstract/document/9007494/,include,"obj=False, wl=True"
6e8cca345bf4,Hybrid meta-heuristic genetic algorithm: Differential evolution algorithms for scientific workflow scheduling in heterogeneous cloud environment,"FA Saif, R Latip, MN Derahman, AA Alwan",2022.0,Proceedings of the future …,This research aims to investigate how heterogeneous cloud computing affects workflow  scheduling is more proper for executing workflow scheduling in heterogeneous cloud computing.,https://link.springer.com/chapter/10.1007/978-3-031-18344-7_2,include,"obj=False, wl=True"
81802f55dd3c,Scheduling beyond CPUs for HPC,"Y Fan, Z Lan, P Rich, WE Allcock, ME Papka",2019.0,Proceedings of the 28th …,The exponential growth in computing power has enabled highperformance computing (HPC  ]; Jakob et al. formulated a workflow scheduling problem in grid into optimizing a weighted,https://dl.acm.org/doi/abs/10.1145/3307681.3325401,include,"obj=False, wl=True"
84c7ca0f59c3,Multi-tree genetic programming hyper-heuristic for dynamic flexible workflow scheduling in multi-clouds,"Z Sun, Y Mei, F Zhang, H Huang, C Gu",2024.0,IEEE Transactions on …,Multi-cloud is a promising paradigm due to its advantages such as avoiding vendor lock-in  and optimising costs. This article focuses on dynamic flexible workflow scheduling with,https://ieeexplore.ieee.org/abstract/document/10509784/,include,"obj=True, wl=True"
53f015f70641,MOHBA: multi-objective workflow scheduling in cloud computing using hybrid BAT algorithm,S Sobhanayak,2023.0,Computing,"systems and cloud computing high-performance computing is becoming more accessible to   for workflow scheduling in heterogeneous multiprocessors, Heterogeneous Earliest Finish",https://link.springer.com/article/10.1007/s00607-023-01175-9,include,"obj=False, wl=True"
b9381546dd19,Scientific workflow scheduling in multi-cloud computing using a hybrid multi-objective optimization algorithm,"A Mohammadzadeh, M Masdari",2023.0,Journal of Ambient Intelligence and …,"Scientists required a high-performance computing environment, such as cluster  computing,  This paper proposes a workflow scheduling algorithm for heterogeneous multi-cloud",https://link.springer.com/article/10.1007/s12652-021-03482-5,include,"obj=False, wl=True"
b24ae1028005,Efficient Probabilistic Workflow Scheduling for IaaS Clouds,"GR Russo, R Marotta, F Cordari, F Quaglia",2024.0,arXiv preprint arXiv …,"due to the greater complexity of the workflow scheduling problem in its  EPOSS, a novel  workflow scheduling algorithm for IaaS  size and number of heterogeneous virtual machine types",https://arxiv.org/abs/2412.06073,include,"obj=False, wl=True"
52a358957230,Dynamic multiworkflow deadline and budget constrained scheduling in heterogeneous distributed systems,"G Wang, Y Wang, MS Obaidat, C Lin",2021.0,IEEE Systems …,"the algorithm handles dynamic workflow scheduling on parallel heterogeneous resources,  we  His research interests include high-performance computing, computer architecture, and",https://ieeexplore.ieee.org/abstract/document/9464156/,include,"obj=True, wl=True"
a34b8ddf300e,An Enhanced Workflow Scheduling Algorithm for Cloud Computing Environment.,"S Ahmed, FA Omara",2022.0,International Journal of Intelligent Engineering & …,"Therefore, workflow scheduling is considered one of the most  Because the existing  heterogeneous earliest finish time (HEFT High performance computing (HPC) is the ability to",https://inass.org/wp-content/uploads/2022/09/2022123156-3.pdf,include,"obj=False, wl=True"
4bbdc003db5e,Multi-QoS constrained and profit-aware scheduling approach for concurrent workflows on heterogeneous systems,"H Arabnejad, JG Barbosa",2017.0,Future Generation Computer Systems,"presents a scheduling algorithm that manages concurrent workflows in a dynamic environment  in which jobs are submitted by users at any moment in time, on shared heterogeneous",https://www.sciencedirect.com/science/article/pii/S0167739X16303740,include,"obj=True, wl=True"
0b043d220823,Tri-Objective workflow scheduling and optimization in heterogeneous cloud environments,"H Alrammah, Y Gu, Z Liu",2020.0,2020 IEEE International Parallel and …,"In order to overcome both limitations, we propose a heuristic algorithm on workflow  scheduling in a cloud, called Multi-objective Optimization for Makespan, Cost and Energy (MOMCE),",https://ieeexplore.ieee.org/abstract/document/9150455/,include,"obj=True, wl=True"
be4647fcd832,Time effective workflow scheduling using genetic algorithm in cloud computing,"R Nagar, DK Gupta, RM Singh",2018.0,International Journal of Information …,implemented to make it usable on real life high performance computing setting. The   Authors proposed a list based scheduling technique named PEFT for heterogeneous distributed,https://www.academia.edu/download/96988453/IJITCS-V10-N1-8.pdf,include,"obj=False, wl=True"
a62d637071e0,An efficient resource utilization technique for scheduling scientific workload in cloud computing environment,"NP Sodinapalli, S Kulkarni, NA Sharief",2022.0,… Journal of Artificial …,"in the real time scenario for heterogeneous multi-core processing  In [17], [26] proposed two  resourceful workflow scheduling  Algorithms for High Performance Computing Applications.",https://search.proquest.com/openview/3bb0cde703adf7aa58af254422f9589a/1?pq-origsite=gscholar&cbl=1686339,include,"obj=True, wl=True"
ee260fccd82d,Cloud computing: a multi-workflow scheduling algorithm with dynamic reusability,"M Adhikari, S Koley",2018.0,Arabian Journal for Science and Engineering,"for propping up heterogeneous workflow applications to realize  are tailored on multi-workflow  scheduling exertion. These  distributed computing, high-performance computing as well as",https://link.springer.com/article/10.1007/s13369-017-2739-0,include,"obj=False, wl=True"
e102597d3e7d,Promoting Resource Utilization in HPC via Scheduling,"G Xian, Y Tan, J Yu, W Yang, B Li",2025.0,… and Computation: Practice …,"high-performance computing, offering novel insights into intelligent resource management.   [18] proposed a cloud workflow scheduling algorithm based on multi-objective reinforcement",https://onlinelibrary.wiley.com/doi/abs/10.1002/cpe.70385,include,"obj=True, wl=True"
b84df21cea8f,An HC-CSO Algorithm for Workflow Scheduling in Heterogeneous Cloud Computing System,"J Bhagwan, S Kumar",2021.0,International Journal of Advanced …,"technology via big storage facilities, high-performance computing, and other hardware and   The major aim of cloud computing technology is to provide high-performance computing",https://search.proquest.com/openview/45fba963c11c569fa83b4c346bdc6890/1?pq-origsite=gscholar&cbl=5444811,include,"obj=False, wl=True"
e6cae2008f77,Requirement-driven multi-workflow scheduling based on improved evolutionary multitasking embedded bi-level optimization,"M Li, L Wu, Y Zhang, X Cai",2025.0,Computer Communications,"When multiple users share the same cloud service resources, cloud computing makes it more  difficult for workflow applications to schedule tasks. Therefore, it is important to design an",https://www.sciencedirect.com/science/article/pii/S0140366425002919,include,"obj=False, wl=True"
0fe32093177e,Workflow scheduling in cloud environment using a novel metaheuristic optimization algorithm,A Ramathilagam,2021.0,International Journal of …,"up to 30% in execution time and up to 65% in data transfer time, while the High Performance  Computing (HPC) applications are processed in public clouds. This requirement is",https://onlinelibrary.wiley.com/doi/abs/10.1002/dac.4746,include,"obj=True, wl=True"
e9d384cb544c,Cost effective hybrid genetic algorithm for workflow scheduling in cloud,"SK Bothra, S Singhal, H Goyal",2022.0,System research and information …,for workflow scheduling in the cloud is a challenging area. We proposed a hybrid meta-heuristic  cost-effective load-balanced approach to schedule workflow in a heterogeneous,http://journal.iasa.kpi.ua/article/view/263013,include,"obj=True, wl=True"
e53268abf503,Cloud workflow scheduling algorithm based on reinforcement learning,"D Cui, Z Peng, W Ke, X Hong",2018.0,… Performance Computing …,"multiple DAGs with multiple priorities and improve utilisation rate of resources better and, on  the other hand, show optimisation object function achieves fair workflow scheduling in cloud",https://www.inderscienceonline.com/doi/abs/10.1504/IJHPCN.2018.091889,include,"obj=False, wl=True"
769a7e15a3f5,An online workflow scheduling algorithm considering license limitation in heterogeneous environment,"Q Qiao, L Chen, H Cai, H Zhang",2023.0,… : Practice and Experience,"the optimization of workflow scheduling on the cloud or high-performance computing (HPC)   learning 14, 15 to perform workflow scheduling, which have high computational complexity",https://onlinelibrary.wiley.com/doi/abs/10.1002/cpe.7452,include,"obj=False, wl=True"
9ea99463177c,Online multi-user workflow scheduling algorithm for fairness and energy optimization,"E Cadorel, H Coullon",2020.0,2020 20th IEEE/ACM …,"of scientific workflows are commonly heterogeneous in their libraries and  , high-performance  computing (HPC) and Grid computing have shown interest in scientific workflow scheduling",https://ieeexplore.ieee.org/abstract/document/9139740/,include,"obj=True, wl=True"
39bf56a88a08,Scheduling big data workflows in the cloud under deadline constraints,"M Ebrahimi, A Mohan, S Lu",2018.0,2018 IEEE Fourth International …,In Section III we explain our workflow scheduling algorithm in  highperformance workflow  scheduling in a heterogeneous cloud  with more existing workflow scheduling algorithms. In,https://ieeexplore.ieee.org/abstract/document/8405689/,include,"obj=True, wl=True"
7b4fbd3daed3,Two-Stage Workflow Scheduling Based on Deep Reinforcement Learning,"H Xu, H Zhang, J Wang, Y Wang, Y Guo",2024.0,EAI International …,"Thus, it offers a viable solution to the challenge of workflow scheduling in heterogeneous   -scale data processing and analysis, high-performance computing (HPC), artificial intelligence",https://link.springer.com/chapter/10.1007/978-3-031-93251-9_18,include,"obj=False, wl=True"
7e5e08eb7687,Hybrid JAYA algorithm for workflow scheduling in cloud,"SK Bothra, S Singhal, H Goyal",2023.0,Научно-технический вестник …,the load among virtual machines in a heterogeneous environment using JAYA approach. In  this  time during workflow scheduling. We considered the heterogeneous cloud computing,https://cyberleninka.ru/article/n/hybrid-jaya-algorithm-for-workflow-scheduling-in-cloud,include,"obj=False, wl=True"
4b7c66f37c32,A predictive energy consumption scheduling algorithm for multiprocessor heterogeneous system,"S Tian, W Ren, Q Deng, S Zou",2021.0,IEEE Transactions on …,"Multi-processor heterogeneous system has been widely used for handling parallel workflow  applications to advance the performance of system, in which efficient workflow scheduling",https://ieeexplore.ieee.org/abstract/document/9628181/,include,"obj=True, wl=True"
a80d1ad7928b,Reliability enhancement strategies for workflow scheduling under energy consumption constraints in clouds,"L Zhang, M Ai, K Liu, J Chen, K Li",2023.0,IEEE Transactions on …,reliability management solution for parallel workflow scheduling in the system to meet   workflow scheduling problem for parallel applications with priority constraints in heterogeneous,https://ieeexplore.ieee.org/abstract/document/10247559/,include,"obj=True, wl=True"
061f164f88e6,Performance and energy balanced algorithm for executing high performance computing application,SS Kulkarni,2019.0,… International Conference on Smart Systems and …,"-based data-intensive and scientific workflow scheduling [19], [20] method for executing High  performance computing (HPC)  high performance computing application on heterogeneous",https://ieeexplore.ieee.org/abstract/document/8987891/,include,"obj=True, wl=True"
6b9e67ad82b3,Energy-aware Scheduling of Workflow Applications Towards Schedule Length Optimization in Heterogeneous Distributed Embedded Systems,"J Chen, Q Zhang, P Han, Y Zhang, Y Lu",2025.0,ACM Transactions on …,"heterogeneous embedded systems, and this expansion is transforming traditional embedded  systems into heterogeneous  is a critical concern for heterogeneous distributed embedded",https://dl.acm.org/doi/abs/10.1145/3767164,include,"obj=True, wl=True"
f97d9cbbce1e,A heuristic approach for scheduling in heterogeneous distributed embedded systems,"S Prongnuch, S Sitjongsataporn",2020.0,International Journal of …,heuristic approach for workflow scheduling in heterogeneous distributed embedded system  ( and growth of the heterogeneous systems used for high-performance computing have been,http://www.inass.org/2020/2020022913.pdf,include,"obj=False, wl=True"
505549345266,Multi-objective workflow optimization strategy (MOWOS) for cloud computing,"JK Konjaang, L Xu",2021.0,Journal of Cloud Computing,"In this paper, we addressed the workflow scheduling  scientific workflows in heterogeneous  computing environments call  algorithm for scientific workflow scheduling in cloud known as",https://link.springer.com/article/10.1186/s13677-020-00219-1,include,"obj=False, wl=True"
9408c93b6b24,Energy efficient workflow scheduling in cloud computing systems using particle swarm optimization,"B Naik, P Kuila",2024.0,Proceedings of the International Conference on …,","" Cost and makespan aware workflow scheduling in iaas clouds  with multi-criteria for  highperformance computing systems: an  novel workflow scheduling for heterogeneous computing",https://books.google.com/books?hl=en&lr=&id=ozMmEQAAQBAJ&oi=fnd&pg=PA266&dq=%22workflow+scheduling%22+heterogeneous+%22high+performance+computing%22&ots=9MGf1mNWmb&sig=FyqAQySkXu1Po-JhYrUYJVALMnM,include,"obj=True, wl=True"
cc568703a383,Reliability and energy efficient workflow scheduling in cloud environment,"R Garg, M Mittal, LH Son",2019.0,Cluster Computing,popular workflow scheduling heuristics are: heterogeneous  two energy conscious workflow  scheduling algorithms using  efficient workflow scheduling (REEWS) in heterogeneous cloud,https://link.springer.com/article/10.1007/s10586-019-02911-7,include,"obj=True, wl=True"
aeb7dbd2787e,Ant colony optimization-based multi-objective task scheduling algorithm for supercomputing internet workflow,"P Fu, Z Wang, M Guo",2024.0,… on High Performance Computing and …,A workflow scheduling method based on improved particle swarm optimization algorithm is   and sorts each particle using a heterogeneous earliest completion time mapping method.,https://www.spiedigitallibrary.org/conference-proceedings-of-spie/13073/1307314/Ant-colony-optimization-based-multi-objective-task-scheduling-algorithm-for/10.1117/12.3026325.short,include,"obj=True, wl=True"
4a3b413310fd,Energy-aware task scheduling optimization with deep reinforcement learning for large-scale heterogeneous systems,"J Li, X Zhang, Z Wei, J Wei, Z Ji",2021.0,… on high performance computing,In high-performance computing centers or cloud data centers in different batches are  heterogeneous. Given the aforementioned  learning on heterogeneous resource management are,https://link.springer.com/article/10.1007/s42514-021-00083-8,include,"obj=True, wl=False"
24c80abf5e2b,An H-CSO Algorithm for Workflow Scheduling in Heterogeneous Cloud Environment.,"J Bhagwan, S Kumar",2021.0,International Journal of Intelligent Engineering & …,"Among these issues, workflow scheduling or resources mapping plays a significant role in  cloud resources performance. In workflows scheduling, the workflows tasks sent by a user are",https://inass.org/wp-content/uploads/2021/08/2021103137.pdf,include,"obj=False, wl=True"
139355ab555b,Deep Reinforcement Learning for Large-Scale Scientific Workflow Scheduling with Improved Structure Feature Extraction and Sampling,"X Qi, D Zhang, T Liu, H Wang",2024.0,IFIP International Conference on Network …,"for users to obtain high-performance computing resources. Under  heterogeneous earliest  finish time algorithm (HEFT) [10], which is a classic heuristic algorithm for workflow scheduling,",https://link.springer.com/chapter/10.1007/978-981-96-2830-8_24,include,"obj=False, wl=True"
4b508b5009eb,Lotaru: Locally estimating runtimes of scientific workflow tasks in heterogeneous clusters,"J Bader, F Lehmann, L Thamsen, J Will",2022.0,Proceedings of the 34th …,workflow scheduling algorithms need to be informed about task runtimes a-priori to conduct  efficient scheduling. In heterogeneous  in scientific workflows on heterogeneous clusters.,https://dl.acm.org/doi/abs/10.1145/3538712.3538739,include,"obj=False, wl=True"
a24241670445,"Bi-Objective Workflow Scheduling on Heterogeneous Computing Systems Using a Memetic Algorithm. Electronics 2021, 10, 209","Y Zhang, F Tong, C Li, Y Xu",2021.0,nan,"In practice, most HCSs are built for high performance computing. Thus, time efficiency is  almost always the first priority for workflow scheduling, even with additional considerations. In",https://search.proquest.com/openview/79b8738607b7b775b273ad7207f287b0/1?pq-origsite=gscholar&cbl=2032404,include,"obj=False, wl=True"
35fb6a455d55,On scheduling of high-throughput scientific workflows under budget constraints in multi-cloud environments,"R Li, CQ Wu, A Hou, Y Wang, T Gao",2018.0,2018 IEEE Intl Conf on …,We propose a heuristic streaming workflow scheduling algorithm (StreamWS) in a multi-  We plan to implement and test our workflow solution in production high-performance computing,https://ieeexplore.ieee.org/abstract/document/8672237/,include,"obj=True, wl=True"
fd3bd7bafb0e,Scheduling scientific workflow using multi-objective algorithm with fuzzy resource utilization in multi-cloud environment,"M Farid, R Latip, M Hussin, NAWA Hamid",2020.0,IEEE Access,thus require high-performance computing machines provided  This section discusses the  problem of workflow scheduling in  based constrained workflow scheduling for heterogeneous,https://ieeexplore.ieee.org/abstract/document/8976136/,include,"obj=True, wl=True"
a8a40c591042,Task clustering-based energy-aware workflow scheduling in cloud environment,"A Choudhary, MC Govil, G Singh",2018.0,… High Performance …,"CONCLUSION In this work, energy-aware Workflow scheduling algorithm has been  presented. In the Scientific applications, some of the task having minimum execution time merged",https://ieeexplore.ieee.org/abstract/document/8622898/,include,"obj=True, wl=True"
cd90bea46d5b,3OTSO: Three-Objective Task Scheduling Optimization for CPU-GPU Heterogeneous Cloud Environments,"Y Ma, G Wang, H Song, Y Tian, G Tan",2025.0,… on Internet of Things and Cloud …,With the rapid advancement of high-performance computing ap CPU-GPU-based  heterogeneous computing architectures as a crit Energy-aware scientific workflow scheduling in,https://dl.acm.org/doi/abs/10.1145/3776865.3776925,include,"obj=True, wl=True"
01fda0ecaa7d,An energy efficient algorithm for workflow scheduling in IAAS cloud,"V Singh, I Gupta, PK Jana",2020.0,Journal of Grid Computing,"a workflow scheduling algorithm that  workflow scheduling which is a combination of two  other existing algorithms namely, chemical reaction optimization (CRO) [18] and heterogeneous",https://link.springer.com/article/10.1007/S10723-019-09490-2,include,"obj=True, wl=True"
5bf2e97f1bbb,Hybrid Programming-based Scheduling Approach for Many Heterogeneous Computing Tasks with Asynchronous Generation in IIoT,"B Hu, R Zhong, Y Wang, T Wang",2025.0,IEEE Internet of …,"research domains, including high-performance computing [19],  privacy-aware multiworkflow  scheduling in hybrid clouds by  algorithm (DCME) for workflow scheduling in multi-cloud",https://ieeexplore.ieee.org/abstract/document/10988625/,include,"obj=False, wl=True"
5f232c1be503,A list-based heuristic algorithm for static task scheduling in heterogeneous distributed computing systems,"H Gholami, R Zakerian",2020.0,2020 6th international conference on …,The problem addressed in this study is the static scheduling of a task graph on heterogeneous   In Section II the related works on list-based scheduling algorithms for heterogeneous,https://ieeexplore.ieee.org/abstract/document/9122306/,include,"obj=False, wl=True"
c24d7c3fe071,A Full-Path Priority Based Workflow Scheduling Approach,"WC Tseng, KY Rong, KC Huang",2025.0,… on High Performance Computing in …,"Ge, “IPPTS: an efficient algorithm for scientific workflow scheduling in heterogeneous  computing systems,” IEEE Transactions on Parallel and Distributed Systems, pp. 1057–1071, 2021",https://dl.acm.org/doi/abs/10.1145/3712031.3712329,include,"obj=False, wl=True"
3fd03166a547,Automated workflow scheduling in self-adaptive clouds,"G Kousalya, P Balakrishnan, CP Raj",2017.0,nan,"There is a heightened heterogeneity of cloud IT resources,  crafted to describe the  various workflow scheduling algorithms and  Many high-performance computing and high-throughput",https://link.springer.com/content/pdf/10.1007/978-3-319-56982-6.pdf,include,"obj=True, wl=True"
6a2f9d08cc93,A novel scheduling with multi-criteria for high-performance computing systems: an improved genetic algorithm-based approach,"T Biswas, P Kuila, AK Ray",2019.0,Engineering with Computers,"A PSO-based workflow scheduling is also presented in [25] by considering two objectives,  ie We have assumed that a system consists of a set of p number of heterogeneous high-speed",https://link.springer.com/article/10.1007/s00366-018-0676-5,include,"obj=False, wl=True"
7527931014a4,k-Dispatch: Enabling Cost-Optimized Biomedical Workflow Offloading,"M Jaros, J Jaros",2024.0,Proceedings of the 33rd International Symposium on …,to remote high-performance computing clusters or cloud. In  Workflow scheduling is a  complex and challenging problem. The execution of many tasks on distributed and heterogeneous,https://dl.acm.org/doi/abs/10.1145/3625549.3658828,include,"obj=True, wl=True"
69553963aea2,Based on Multi-constraint Partitioning Multi-objective Workflow Scheduling Algorithm in Hybrid Clouds,"B WANG, Y LIN",2022.0,"UPB Sci. Bull., C","In this paper, a multi-objective optimal Heterogeneous workflow Scheduling based on  Multi-constraint ParTitioning algorithm (HSMPT) is proposed. The scheduling design considers a",https://www.scientificbulletin.upb.ro/rev_docs_arhiva/rez563_793727.pdf,include,"obj=False, wl=True"
d5f150e54a15,An energy-efficient task scheduling strategy based on improved fireworks algorithm in heterogeneous cloud,"H Zhao, F Meng, N Feng, Q Wang",2021.0,… on High Performance …,"Ismayilov, HR Topcuoglu, “Neural network based multi-objective evolutionary algorithm for  dynamic workflow scheduling in cloud computing,” in Future Generation Computer Systems,",https://ieeexplore.ieee.org/abstract/document/9781231/,include,"obj=True, wl=True"
35771af00810,Efficient workflow scheduling algorithm for cloud computing system: a dynamic priority-based approach,"I Gupta, MS Kumar, PK Jana",2018.0,Arabian Journal for Science and …,"heterogeneous cloud computing environment. In this paper, we propose a workflow scheduling   new dynamic priority list-based workflow scheduling algorithm for heterogeneous cloud.",https://link.springer.com/article/10.1007/s13369-018-3261-8,include,"obj=False, wl=True"
c67ae3efd53d,Combinatorial metaheuristic methods to optimize the scheduling of scientific workflows in green DVFS-enabled edge-cloud computing,"MI Khaleel, M Safran, S Alfarhood, D Gupta",2024.0,Alexandria Engineering …,"A significant challenge in high-performance computing is to ensure the even distribution of  applications across computational resources, preventing issues such as resource",https://www.sciencedirect.com/science/article/pii/S1110016823010827,include,"obj=False, wl=True"
cbdd474b7a14,An efficient load balancing technique for task scheduling in heterogeneous cloud environment,"H Mahmoud, M Thabet, MH Khafagy, FA Omara",2021.0,Cluster Computing,[29] have proposed an energy and resource-efficient workflow scheduling algorithm called  ERES to schedule workflow tasks to VMs. Workflow scheduler consists of a workflow analyzer,https://link.springer.com/article/10.1007/s10586-021-03334-z,include,"obj=True, wl=True"
5255829da745,Network reconfiguration algorithm (NRA) for scheduling communication-intensive graphs in heterogeneous computing environment,"A Masood, S Gulzar Ahmad, H Ullah Khan",2020.0,Cluster …,"Recently, a workflow scheduling problem is addressed in [31 Considering the heterogeneity  in multiple aspects, the  fewer heterogeneity aspect of the high performance computing",https://link.springer.com/article/10.1007/s10586-019-03002-3,include,"obj=False, wl=True"
7a3836260a81,Scheduling constrained cloud workflow tasks via evolutionary multitasking optimization with adaptive knowledge transfer,"J Zhou, L Gao, S Rao, Y Li",2024.0,IEEE Transactions on Services …,usually processed at high performance computing infrastructure  constrained multi-workflow  scheduling from the viewpoint of  multi-workflow on heterogeneous distributed computation,https://ieeexplore.ieee.org/abstract/document/10682808/,include,"obj=False, wl=True"
e103e2d49acd,Replication and data management-based workflow scheduling algorithm for multi-cloud data centre platform,"Z Ulabedin, B Nazir",2021.0,The Journal of Supercomputing,"Scientific workflow applications require high-performance computing resources and huge   With these advantages, research on workflow scheduling has shifted from grid to cloud",https://link.springer.com/article/10.1007/s11227-020-03541-2,include,"obj=False, wl=True"
84466d785838,A hybrid multi-objective metaheuristic optimization algorithm for scientific workflow scheduling,"A Mohammadzadeh, M Masdari, FS Gharehchopogh",2021.0,Cluster …,"to find dominant responses using Pareto for heterogeneous environments. Bi-objective Dynamic   applications, limited priority in heterogeneous distributed systems like cloud computing",https://link.springer.com/article/10.1007/s10586-020-03205-z,include,"obj=False, wl=True"
6bc91bdfad24,MOTORS: multi-objective task offloading and resource scheduling algorithm for heterogeneous fog-cloud computing scenario,"P Shukla, S Pandey",2024.0,The Journal of Supercomputing,that demand for more high-performance computing capabilities.  We describe the workflow  scheduling method in this section. It  We handle the workflow scheduling problem as a multi-,https://link.springer.com/article/10.1007/s11227-024-06315-2,include,"obj=False, wl=True"
8399ed171582,Evolutionary multi-objective workflow scheduling for volatile resources in the cloud,"TP Pham, T Fahringer",2020.0,IEEE Transactions on Cloud …,Many workflow scheduling algorithms have been proposed  multi-objective workflow  scheduling approach to generate a  multi-objective workflow scheduling algorithm is competitive in,https://ieeexplore.ieee.org/abstract/document/9090348/,include,"obj=False, wl=True"
8dc80589eec6,Cost-effective workflow scheduling approach on cloud under deadline constraint using firefly algorithm,"KK Chakravarthi, L Shyamala, V Vaidehi",2021.0,Applied Intelligence,"Third, there is a limitation in traditional heterogeneous environments with respect to the   resource provisioning and workflow scheduling algorithms. Workflow scheduling is widely known",https://link.springer.com/article/10.1007/s10489-020-01875-1,include,"obj=True, wl=True"
5ea100f9361e,Computation of workflow scheduling using backpropagation neural network in cloud computing: a virtual machine placement approach,"N Raman, AB Wahab, S Chandrasekaran",2021.0,The Journal of …,"For measuring the efficiency of workflow scheduling, determining makespan and execution   , designing an efficient computation of workflow scheduling remains a challenge. The Cloud",https://link.springer.com/article/10.1007/s11227-021-03648-0,include,"obj=True, wl=True"
7f343de470d0,Task Characterization-Based Energy-Aware Scheduling Algorithm in Heterogeneous Computing Systems,"Y Lu, J Wu, J Lu, W Hu, D Jiang",2025.0,International Conference on Intelligent …,"meet the requirements of high-performance computing, multi-core  workflow scheduling length  problem for heterogeneous  to minimize the workflow scheduling length for heterogeneous",https://link.springer.com/chapter/10.1007/978-981-96-9961-2_40,include,"obj=True, wl=True"
0678746e5585,Heterogeneity-aware resource allocation in HPC systems,"A Netti, C Galleguillos, Z Kiziltan, A Sîrbu",2018.0,… Performance Computing,"heterogeneity-aware resource allocation becomes crucial for heterogeneous HPC systems.   describes the Eurora HPC system, its workload datasets, and the scheduling algorithms we",https://link.springer.com/chapter/10.1007/978-3-319-92040-5_1,include,"obj=False, wl=True"
5eb99651aa2b,Advanced Resource Allocation in the Context of Heterogeneous Workflows Management,"F Lubrano, C Vercellino, G Vitali, P Viviani",2024.0,Proceedings of the 2nd …,"Optimal resource allocation becomes of paramount importance to keep the performance   engine and a batch scheduler to make (optimal) resource allocation simple, by means of an on-",https://dl.acm.org/doi/abs/10.1145/3642978.3652835,include,"obj=False, wl=True"
48e2e1e3d9d1,Real-time workload prediction and resource optimization for parallel heterogeneous high-performance computing systems architectures,"A Aslam, ZD Anuarovna",2025.0,Ubiquitous Technology Journal,"resource management framework for heterogeneous parallel architectures that efficiently  addresses the challenges of task scheduling, resource allocation, and energy optimization in",https://crosslinkstudies.com/ubicc/index.php/utj/article/view/11,include,"obj=True, wl=True"
e3ce3075693e,A Graph-based Deep Reinforcement Learning Model for Task Scheduling on Heterogeneous Resource-Elastic Management of Resource Pool,"C Zhang, F Wu, Z Wang, X Wang",2025.0,IEEE Transactions on …,"Then, we design a dynamic resource allocation strategy model based on deep reinforcement  learning (DRL) to reduce job processing time. Finally, we compare the performance of our",https://ieeexplore.ieee.org/abstract/document/11202232/,include,"obj=False, wl=True"
402be47a13a3,A framework for heterogeneous resource allocation in sensor-cloud environment,"S Bose, D Sarkar, N Mukherjee",2019.0,Wireless Personal Communications,only for immediate resource allocation. Our  scheduling algorithms for resources in an  optimized way to minimize operational cost and maximize sensor lifetime with the heterogeneous,https://link.springer.com/article/10.1007/s11277-019-06383-1,include,"obj=True, wl=False"
71138d144feb,An integrated optimization-based algorithm for energy efficiency and resource allocation in heterogeneous cloud computing centers,"KY Tai, FYS Lin, CH Hsiao",2023.0,Ieee Access,"heterogeneous computing resources, reducing energy consumption, and providing task  scheduling and execution time in heterogeneous  computing resource allocation and scheduling",https://ieeexplore.ieee.org/abstract/document/10138402/,include,"obj=True, wl=False"
7760e9985cfc,Multi-agent deep reinforcement learning-based resource allocation in hpc/ai converged cluster,"J Narantuya, JS Shin, S Park, JW Kim",2022.0,nan,There are several existing works on resource allocation and job scheduling in HPC/AI   They used the heterogeneous distributed deep learning (HDDL) model to schedule multiple jobs,https://scholar.gist.ac.kr/handle/local/10866,include,"obj=False, wl=True"
9a391b2b5a34,Scalable management of heterogeneous cloud resources based on evolution strategies algorithm,"P Loncar, P Loncar",2022.0,IEEE access,This research focuses on scheduling tasks and processing scientific data in a heterogeneous   was examined in [38] as a job scheduling policy to solve the resource allocation and task,https://ieeexplore.ieee.org/abstract/document/9805748/,include,"obj=False, wl=True"
0f337c3544a1,Optimizing HPC scheduling: a hierarchical reinforcement learning approach for intelligent job selection and allocation: L. Wang et al.,"L Wang, MA Rodriguez, N Lipovetzky",2025.0,The Journal of Supercomputing,"and resource allocation, particularly in dynamic and heterogeneous HPC environments. In   optimizes job selection and resource allocation through hierarchical reinforcement learning.",https://link.springer.com/article/10.1007/s11227-025-07396-3,include,"obj=False, wl=True"
20ca91cfaf0a,Multi-criteria HPC task scheduling on IaaS cloud infrastructures using meta-heuristics,"A Chhabra, G Singh, KS Kahlon",2021.0,Cluster Computing,"is a known NP-Hard problem due to heterogeneous workloads and computing resources,   scheduling policies presented in this section, which could optimize only resource allocation",https://link.springer.com/article/10.1007/s10586-020-03168-1,include,"obj=False, wl=True"
539c9e79333d,Dynamic tasks scheduling with multiple priorities on heterogeneous computing systems,"H Tayeb, B Bramas, M Faverge",2024.0,2024 IEEE …,"efficient resource allocation in our scheduling algorithm, ultimately taking full advantage of  all available heterogeneous resources to optimize the overall performance of the application.",https://ieeexplore.ieee.org/abstract/document/10596474/,include,"obj=False, wl=True"
8a365f656187,"Orchestrated co-scheduling, resource partitioning, and power capping on CPU-GPU heterogeneous systems via machine learning","I Saba, E Arima, D Liu, M Schulz",2022.0,International Conference on Architecture …,"simply pick the first element that represents the number of core or GPC allocation to the first  job (\(\mathrm {J_1}\)), and then divide it by the maximum number of the resource allocation (",https://link.springer.com/chapter/10.1007/978-3-031-21867-5_4,include,"obj=False, wl=True"
026e0faff95c,Towards OS Heterogeneity Aware Cluster Management for HPC,"Z An, D Li, Y Guo, G Gao, Y Ren, N Jia",2023.0,Proceedings of the 14th …,of introducing heterogeneity awareness into the whole cluster scheduling workflow. We   existing cluster scheduler to realize the optimal resource allocation under heterogeneous OSes.,https://dl.acm.org/doi/abs/10.1145/3609510.3609819,include,"obj=False, wl=True"
88b1921c89b7,Optimal job scheduling with resource packing for heterogeneous servers,"H Xu, Y Liu, WC Lau",2021.0,IEEE/ACM Transactions on Networking,"In this paper, we consider the problem of job scheduling for a computing cluster comprised  of multiple servers with heterogeneous  In addition, the two resource allocation variables zi",https://ieeexplore.ieee.org/abstract/document/9393492/,include,"obj=False, wl=True"
5be615bfc968,Performance Optimization of HPC Workloads in Cloud Using AI-Driven Algorithms,"A Iftekhar, R Mishra",2025.0,Asian Symposium on Programming Languages and …,scheduling becomes critical. Conventional schedulers such as FCFS or SJF often struggle to  adapt to the heterogeneous  -based scheduler that improves resource allocation efficiency.,https://link.springer.com/chapter/10.1007/978-981-95-3585-9_13,include,"obj=False, wl=True"
fd749c6b6cd9,… : A Graph Neural Network and Reinforcement Learning Framework for Constraint and Data-Aware Workflow Mapping and Scheduling in Heterogeneous HPC …,"AK Sharma, J Kunkel",2025.0,arXiv preprint arXiv:2506.00260,for practical HPC mapping and scheduling applications.  resource allocation within an  HPC-CC context. Our automated procedure for workload assignment and scheduling in the HPC-,https://arxiv.org/abs/2506.00260,include,"obj=False, wl=True"
18dd8e893a31,An Intelligent Approach to Resource Allocation on Heterogeneous Cloud Infrastructures,"J Marquez, OH Mondragon, JD Gonzalez",2021.0,Applied Sciences,"algorithm that selects a heterogeneous storage device (SSD or HDD) to execute each task,  based on certain probabilities. This algorithm solves a workload scheduling problem that is",https://www.mdpi.com/2076-3417/11/21/9940,include,"obj=False, wl=True"
b9ea5ac6accb,Efficient configuration of heterogeneous resources and task scheduling strategies in deep learning auto-tuning systems,"PY Ken, CC Wu",2025.0,The Journal of Supercomputing,"First, we propose an Automatic Heterogeneous Resource Allocation Strategy, which  dynamically adapts resource distribution based on Node configurations, optimizing utilization while",https://link.springer.com/article/10.1007/s11227-025-07798-3,include,"obj=True, wl=False"
2df977473932,HARMONIC: Uncertainty-Aware Multi-Objective Optimization for Energy-Efficient HPC Resource Management,"KC Adimora, H Sun",2025.0,IEEE Transactions on Parallel and …,"develop confidenceaware resource allocation strategies that  We represent the HPC  environment as a heterogeneous  of job scheduling decisions, including resource allocation, job",https://ieeexplore.ieee.org/abstract/document/11165096/,include,"obj=True, wl=True"
1d21c49da7a1,Efficient Multi-Cluster Scheduling for Heterogeneous Workloads,"X Wang, X Li, X Xia, M Yang",2025.0,IEEE Access,"for effective cross-cluster scheduling in heterogeneous environments. Consequently, they  often encounter issues such as inefficient task-to-resource allocation, suboptimal resource",https://ieeexplore.ieee.org/abstract/document/11222093/,include,"obj=False, wl=True"
d97fc667cf2d,Energy-saving scheduling on IaaS HPC cloud environments based on a multi-objective genetic algorithm.,"S Vila, F Guirado, JL Lerida",2019.0,Journal of …,"However, in this environment, the inherent resources heterogeneity, the virtual machine  ,  on dynamic scheduling the task arrival is uncertain at run time and the resource allocation must",https://search.ebscohost.com/login.aspx?direct=true&profile=ehost&scope=site&authtype=crawler&jrnl=09208542&AN=135780620&h=D%2Fec9BbKYY9n4ChHpOPSe73%2BwXddFGI1QUKOSooCVHPNpfnFepENQ2D%2FVv46i91ftj9MQlpyOJmq%2BO7jnR9aHA%3D%3D&crl=c,include,"obj=True, wl=False"
fe91f3ac52a8,A scalable and adaptable allocation framework for heterogeneous resources in a large cluster environment,"C Filelis‐Papadopoulos, H Xiong",2021.0,Concurrency and …,re-examination of the resource allocation problem by proposing a framework to support  distributed resource allocation decisions and that  Optimal job scheduling is an NP-hard problem.,https://onlinelibrary.wiley.com/doi/abs/10.1002/cpe.5564,include,"obj=False, wl=True"
